id,breed,mean,std_dev,median,min_pixel,max_pixel,entropy,edge_density
475171ec5847e4df41847e295b8cfca2,toy_terrier,122.65872576177286,55.86638313141076,135.0,4.0,233.0,7.5491524,8.10560941828255
70c412a3ce894c617cbe707f24adbb82,irish_setter,147.83413170731708,60.89390057086073,151.0,0.0,255.0,7.775619,35.8629512195122
c13427fc3db9194dac02b1721bd10fe4,scottish_deerhound,112.81062176165803,43.3653080121847,106.0,0.0,255.0,7.3608603,44.42549222797928
00e9ed3fab1d2032603d1a90e557976f,english_setter,90.7935756207675,63.97735846178448,73.0,0.0,255.0,7.6728725,49.239751693002255
7ba8102be491368fa69e832b3f1cec42,great_pyrenees,140.58130666666668,49.55672291989542,162.0,0.0,201.0,6.5100765,6.24784
0d1d7bacd20ef921e9b3fce6d9b9f9f0,german_short-haired_pointer,142.51890494296578,58.67320956731554,141.0,0.0,255.0,7.749301,57.20920152091255
c8caed58369e7cbd1af1d57ed8499220,soft-coated_wheaten_terrier,104.69314545454546,61.884252691593716,94.0,0.0,255.0,7.805186,20.817272727272726
93da5672c36d4aa8c89b9a526f4a33fc,welsh_springer_spaniel,98.865264,54.049498951211106,98.0,0.0,255.0,7.6816463,75.0584
98e98242b7e57c718a0d1a643d40146d,boston_bull,75.7289537003281,54.07900784499931,63.0,0.0,249.0,7.4451547,22.095661684287276
2626c1fd506611569c5ac02967e783cf,chihuahua,93.95260660660661,60.720370795491185,83.0,0.0,255.0,7.766287,54.38009009009009
7ad0579c0bc5e3999f83b4a0eb581907,irish_water_spaniel,75.92424444444444,53.94049761837598,72.0,0.0,237.0,6.9864273,36.6095
f3b47556eea0151354f1ee1b40762fce,vizsla,98.13238626609441,73.56926759741975,103.0,0.0,255.0,7.6118555,36.95420600858369
a45fbf6af618701f6dc93eba5729689a,keeshond,129.20256533333333,50.21442063078823,132.0,0.0,255.0,7.625294,66.12592
59aa8c6049630b1361e8c9d64f2d2b2f,collie,108.50701648351648,84.92992674118743,79.0,0.0,255.0,7.1894646,17.331593406593406
86021dbc333b4e38bacdc24e3b5edea5,clumber,92.55002402402403,66.15801669694079,80.0,0.0,255.0,7.785436,72.34342342342342
8ece811c1c9f81737fc824116b70f51a,afghan_hound,131.27228282828284,56.43115537010435,138.0,0.0,255.0,7.703114,62.85363636363636
e8827c1b0698e56e60f735b142d69d18,yorkshire_terrier,163.18117570073073,60.359845627861006,173.0,13.0,255.0,7.096392,14.59526665939579
ff0def9dafea6e633d0d7249554fcb2c,dandie_dinmont,126.140216374269,48.92060730306351,117.0,0.0,255.0,7.572464,62.877631578947366
390c0430ed5d9f8a4e1ad583ad4425e1,english_setter,80.42606933333333,68.14009514416989,74.0,0.0,255.0,7.474172,60.7784
422bda2b195f032680d00e41c06b3e39,chesapeake_bay_retriever,93.15699827734711,47.209197852503564,86.0,0.0,209.0,7.237538,21.40374677002584
37b5d37070d1d054d1879e923775a1a9,bedlington_terrier,152.76993079584776,41.962334836148194,136.0,0.0,255.0,6.868019,19.805882352941175
868395c7a1c99a52a059b5c52824a8bc,pembroke,147.15545229244114,74.15265115620828,167.0,1.0,248.0,7.387132,17.853159851301115
9e2e3c2bbbb8cfa1baabd8ade4ed7c80,basenji,147.39490651558074,45.25957877555059,156.0,0.0,255.0,7.4266253,51.99110481586402
40d98d3d4d4cf67811f57b60f49fd301,border_terrier,105.52383720930233,35.808780589900365,114.0,0.0,189.0,6.978384,24.69518272425249
1ae8f1675d619a2414a2c67f6cceed76,papillon,117.3462942942943,34.31707875206678,113.0,0.0,255.0,6.885988,14.117657657657658
b4b57dfabb7b3c94ee7a081492c9345b,japanese_spaniel,124.09418032786886,68.25368069108104,92.0,31.0,255.0,7.1847153,19.612704918032787
aad0ede6b29383e88c475623f13864ba,australian_terrier,83.83111466666666,60.652205371370066,70.0,0.0,255.0,7.6187863,46.8248
878499737e214678c2947b8b4c82a6f7,boston_bull,122.38327751196172,51.69865492752526,133.0,0.0,255.0,7.550558,52.3238038277512
0755a940eac9a9b8cf0328b4be062096,boston_bull,45.997956427015254,50.48706471844854,27.0,0.0,255.0,6.882391,31.326666666666668
b047a2436ec6f415212fe82f4eb5bfa2,cocker_spaniel,119.64555678466077,59.30472449262152,109.0,3.0,255.0,7.672353,49.732208702064895
2a058ce4bb6189960e142d2ee9115ca8,afghan_hound,144.93844534412955,57.62731731481939,142.0,0.0,255.0,7.7422075,61.61192307692308
bf03d141ce99683a817108ea9cea17f7,bernese_mountain_dog,137.85109144542773,60.41989912043217,124.0,16.0,255.0,7.601228,25.775309734513275
118089e60763cbdba239cac747a54a6e,rottweiler,111.28772745490981,62.16720902728666,101.0,0.0,255.0,7.6765947,13.528797595190381
47d16e87d29ceec3a643f2fd58998d60,dandie_dinmont,127.63274666666666,51.96045013587246,134.0,0.0,255.0,7.567869,23.21656
c5e50854bf07fc3014c42c6a94a6af51,old_english_sheepdog,117.43385937900949,50.54624747454556,117.0,0.0,255.0,7.3491664,7.561008468052348
ad43804fc40b176421fea125c43aa056,bloodhound,105.93821021021022,54.50537953485045,95.0,0.0,249.0,7.4871,12.785225225225226
7453c0ad6556fbbc5443a046855bdd22,irish_setter,108.48201684210527,55.14928899456484,104.0,0.0,255.0,7.764217,73.76962105263158
8806c582754ce2fa439c410e1a2dd8ef,chow,124.39768,57.28938312303249,129.0,0.0,255.0,7.8002653,69.01456
c7b614f768b8f540ee3b77964f13852b,schipperke,92.37282962962963,56.914846252917144,86.0,0.0,255.0,7.7068152,52.496
bda8225dd3edf5e413f18e52fdcf5050,whippet,121.55438202247191,27.457979497793534,121.0,0.0,255.0,6.634417,34.06398876404494
429659b519b82425c43ab412b1f54bb0,keeshond,133.57981866666665,93.54005614519974,110.0,0.0,255.0,7.293769,23.65992
fb9cbd60c09b65c1032fc7dab93c8354,miniature_poodle,113.88205274725274,40.0354326648951,109.0,0.0,253.0,7.31444,50.613296703296704
256b9947f9be5c60b21fa969fa51fe2e,bernese_mountain_dog,128.95641066666667,66.48037740544213,139.0,0.0,255.0,7.420966,22.72696
89f6482c56119d9031029346746fc17a,kelpie,97.199664,41.99162736729515,99.0,0.0,255.0,7.3774796,81.3756
aee76a0c645d9e2d728ed283c142d04a,dhole,131.41726811594202,53.316720563696,126.0,0.0,255.0,7.6665754,24.731304347826086
37f351d4657a5d7420bb7b146a6672e0,scotch_terrier,130.30903490759755,80.52950583834208,129.0,0.0,255.0,7.9214964,60.58318275154004
f69078e04e3d5e8d7689820de78f69ff,ibizan_hound,97.93399361022364,50.036301507032086,87.0,3.0,255.0,7.331326,30.8797124600639
6597afaacc6527e63e4f21a552b74889,bedlington_terrier,93.85098255813953,58.5733682009723,78.0,0.0,255.0,7.6820006,19.173924418604653
ac63a26c445b5e7c92bbd09b1abe1673,border_terrier,127.6964371257485,68.32888491883966,118.0,0.0,255.0,7.7852664,65.89077844311377
13b1ca09a561661a8c1a506d49b8dd83,groenendael,159.0217375093214,73.11531959852012,168.0,0.0,255.0,7.1496925,9.467897091722595
92a8d330ae081b4514acb5c28fc3c2c2,bull_mastiff,80.72086666666667,56.4224798691286,78.0,0.0,255.0,7.230152,10.6048125
5f3dcd5e7d15f9d97e52f88563626111,english_springer,121.85145945945946,55.49677599571011,118.0,0.0,255.0,7.778628,71.62666666666667
2de892b241aeab50aad28c319eaebdbd,weimaraner,68.67757957957959,30.443932269656997,65.0,0.0,219.0,6.8818045,24.28855855855856
2c49abef4877c6ec4c194e25362b7375,great_dane,83.5820323488045,73.79790480164648,34.0,0.0,255.0,6.7237425,20.048523206751057
4d6c2eb3cf393af1601751a39647a78b,dandie_dinmont,111.4022021456804,41.82047831168061,112.0,0.0,255.0,7.314099,25.939158667419537
db84277a5adca6b4a349396f6070287f,gordon_setter,118.18877806117362,83.94331015165645,101.0,0.0,249.0,6.6006303,8.465088119408662
010e87fdf252645a827e37470e65e842,groenendael,135.72171191135735,79.27006729901353,144.0,0.0,255.0,7.470933,47.548670360110805
0e63b24bfd67158963830f64b5126aef,blenheim_spaniel,112.73356571428572,42.03799609434944,106.0,2.0,255.0,7.3688507,57.10834285714286
b1eb6462f0c3801b72d5b0246e9b748e,papillon,134.26337066666667,74.21916288864986,148.0,0.0,255.0,7.873324,35.92304
0ab12906ac3a87b531c574a15e79c58a,curly-coated_retriever,116.10342191666014,49.12205184299926,109.0,2.0,255.0,7.542009,8.017811833725519
d37e94590bdeb885b76c81518c8f6ea9,papillon,161.69649397590362,35.09396120430123,170.0,0.0,255.0,6.536962,6.534759036144578
4014d055cbed26cf6cf900a12cdad204,papillon,124.25617066666666,63.912638107989814,116.0,0.0,255.0,7.8032904,48.32896
fcc9c872e76f097b8fd02b56760e7d48,chesapeake_bay_retriever,145.0367175141243,44.30894301927291,141.0,0.0,255.0,7.4341116,81.21966101694915
95fddaeff7bee1d481cff457b5401c7f,great_pyrenees,91.09584431137725,86.28194425074307,56.0,0.0,255.0,7.3990083,28.431736526946107
cbaf3cc8691cac3a27cdce406a7c5dcb,border_terrier,100.22962683957061,60.51702756567535,97.0,0.0,255.0,7.5683117,31.68719228389249
ae2099cd620c148c433235f85019e151,leonberg,113.31230931663451,68.43065018394016,110.0,0.0,255.0,7.854928,47.80820621108967
0294b42910cb8a8d8340e45d8aaf2953,mexican_hairless,108.33014166568083,47.25722261570783,114.0,0.0,255.0,7.4056606,47.37319590677866
9f9c667f8eb625df654915087b9746ee,saluki,81.09948266666666,53.80516095938845,63.0,0.0,255.0,7.374735,22.14216
cd5c1f1ec93244a933f377ce42b1b3dd,african_hunting_dog,120.811664,53.48524194159641,131.0,0.0,255.0,7.6491985,48.06036
76772fb434731181bdd7c979f6f29bd3,cardigan,109.22023859649123,54.62589528155573,120.0,1.0,255.0,7.4298716,10.015684210526317
e15dfa0f3c2c47fec01f048312ca8bb7,kelpie,56.83114754098361,45.494035516049884,52.0,0.0,255.0,7.011126,16.804918032786887
601a6f7301fd425ff849e595f2cdcc28,border_collie,127.8463512195122,47.80447710284724,125.0,0.0,255.0,7.503839,77.74639024390244
36910e7d2411ea0595b590564cd1a473,vizsla,141.84525903614457,45.60089674721066,148.0,0.0,255.0,7.307159,8.046325301204819
29b06acb65e3873dfab2a7b2581d6a35,toy_poodle,127.76270933333333,61.89575453243552,128.0,0.0,255.0,7.890102,39.39784
024fd994941146f8dfdb38a9b2b74efd,wire-haired_fox_terrier,84.92822368421052,40.949837602416096,81.0,0.0,227.0,7.2593966,17.90751879699248
92ea22d7f8dad0ac186507fb6fb529c4,bedlington_terrier,100.83470899470899,63.171075203574254,69.0,15.0,254.0,7.115322,22.673412698412697
8e2a385becd796ab5997a171f5cbfecd,chow,128.207472,60.608227038105554,122.0,0.0,255.0,7.7465324,45.29072
a2834a578d8a2ec1823e940c9efa1458,cairn,124.70040533333334,65.05803360361455,131.0,0.0,255.0,7.617397,35.3736
d7011c4c503f8ae150594ac9d3e1d757,pomeranian,83.11974888888889,68.34519503701817,60.0,0.0,255.0,7.4716964,14.286233333333334
08ed3bf636ad906f5ddea9ebda22ff98,briard,127.12710432569975,45.03901319556566,127.0,0.0,255.0,7.464651,78.32068702290076
39f999e1fd418a58d101ef65ef51d3f4,standard_poodle,102.86668266666666,49.93497534282592,107.0,0.0,255.0,7.5063124,32.39112
ac50e3733b58fdecc1eaba7ee8efdb84,entlebucher,172.70977844311378,81.12119508738762,202.0,0.0,255.0,6.763376,17.103323353293412
33ad312271f19a8a37a4954327bc88ee,italian_greyhound,93.3418294117647,64.29894404727365,79.0,0.0,255.0,7.7482896,40.47
aa9482ec3a28d952eac962c174e45024,leonberg,167.3404255319149,61.63591358112588,202.0,0.0,246.0,5.931658,12.149316109422493
89719dbbf15a9f468a620353781abe75,afghan_hound,134.04526550868485,72.63780817756118,138.0,0.0,255.0,7.808769,41.296079404466504
f3972dd0068dd6e3b9b2da13c71c5af3,ibizan_hound,109.04608519900498,53.95418292989011,108.0,0.0,255.0,7.6406937,19.791837686567163
95c9870d3e06e1e640e6e39daf65e25b,boxer,143.60871972318338,63.230549042934356,136.0,0.0,255.0,7.8083496,56.90294117647059
dd126e42b474c3831f8fda33052428c1,cocker_spaniel,129.32797872340424,60.12373778176646,134.0,0.0,242.0,7.745538,8.424494680851064
584cd71118e2b4da3193bf3b4269b159,sussex_spaniel,151.25318234610918,47.24610067276367,157.0,0.0,255.0,7.532984,63.03623693379791
fbaabd8210413b2084743c1f00d8c0f4,papillon,85.51447895791583,45.42286035979669,85.0,0.0,255.0,7.42125,27.922244488977956
98dbdc1a5152948522cace80b264b3fd,miniature_pinscher,161.405985,73.05165180322602,191.0,0.0,255.0,7.5915174,8.888025
a061fd7e669c4382b56c3290abaf8a38,otterhound,103.262825,52.66298935703684,92.0,7.0,255.0,7.1934557,43.945
b663fe4bee1907aac5c11313307f328c,weimaraner,105.35666666666667,56.01886648462483,98.0,0.0,255.0,7.730752,14.24328
b4e20187a9b91d20f7e55615eb710785,kelpie,117.622752,61.06144314224126,113.0,0.0,255.0,7.8534417,59.03216
51c09b0295e0137021db430c38308e8b,kelpie,109.61320533333334,50.36521096172607,119.0,0.0,255.0,7.4831,64.48304
b0b7aaaa673295ace0ae4d9f248b71f1,siberian_husky,75.81891904761905,62.79902634347673,51.0,0.0,255.0,7.419653,29.134357142857144
c87d7b6aa6ad07a6af1fde957779c1c8,pekinese,88.32232,50.30284835358995,103.0,0.0,255.0,7.2093573,4.6784
3c1be3df90b1a242325de9590db32ce2,doberman,208.17402085262748,76.57665184987026,255.0,2.0,255.0,3.884289,13.026917216861351
c1f81cabd7d33a6f434af359226c191e,borzoi,123.75344,61.20828055227822,102.0,0.0,255.0,7.6064157,39.54064
b53646b931972d951b7306584a00cfc4,kelpie,128.76452266666666,47.08265567161811,128.0,0.0,255.0,7.5733023,58.616
fa1ae7cd7d26a1dbc29149daa8b03ea6,bloodhound,134.26309333333333,62.40797682373054,130.0,0.0,255.0,7.831463,29.68472
6165570f2467fe31881a89caca859b52,great_pyrenees,68.30428828828829,65.51264002642701,46.0,0.0,255.0,7.35879,21.746216216216215
83a8ce6c40f4ad5ac8b6b88874193e8b,komondor,96.86680539449056,60.566382532058924,80.0,4.0,255.0,7.576765,1.6794490814208984
9a5cb9330f48119412b0dbeeb7d092c2,australian_terrier,119.013408,45.16159620989426,130.0,0.0,255.0,7.316824,30.27496
53ef06e550b924fb9a06364a47eb71ef,curly-coated_retriever,99.13331617331617,69.55403422389949,82.0,0.0,255.0,7.8271837,76.41904761904762
7eba9daec453bb9dea012c33709a21f0,english_foxhound,198.3845703125,58.43019997000968,229.0,28.0,255.0,5.67356,4.3990948016826925
17e00d79ad69729522d8705e95939f01,clumber,131.46203571428572,46.0009656901602,112.0,16.0,255.0,7.135957,21.893571428571427
0d5a88f0ab2db8d34b533c69768135e8,afghan_hound,112.38307894736842,70.57826505297864,95.0,0.0,255.0,7.650844,22.645342105263158
97d24551ed20f55b7323e37e85adb4b6,clumber,122.64307103825136,38.074264081171975,127.0,0.0,255.0,6.8309507,21.545409836065573
9a04b5f3f77c5513227587f6fa70b7a1,standard_poodle,121.81647642679901,65.46259278083473,123.0,0.0,255.0,7.902457,59.478908188585606
64d840b8b3948c5ffd8644b1539f5c00,silky_terrier,80.38196236559139,41.465804572409944,79.0,0.0,237.0,7.306497,61.26169354838709
07192213791150248bfb5bbe6b0b0373,basset,65.76836144578313,41.50886064751596,60.0,0.0,247.0,7.156337,7.917289156626506
307849bb1f79442bc19e0002ebd3763d,toy_poodle,73.4221021021021,59.9113088566299,63.0,0.0,255.0,7.1236057,12.148108108108108
ac5bb7ba4513320fb91f52a8190a55b4,australian_terrier,86.07800578034681,73.46514655963648,65.0,0.0,255.0,7.673871,60.17557803468208
3a36af8136011500b89c3352d3ff40dc,pomeranian,103.53537868480726,44.98525235846251,117.0,8.0,206.0,6.8982954,2.6494557823129252
5176b5065238615f290f522ff376bb0b,affenpinscher,116.82150649350649,65.3279288455886,106.0,8.0,255.0,7.605298,40.062597402597405
c8ce22f51941dc011dc544ee53076600,tibetan_mastiff,132.84776446980624,48.31642720526781,132.0,0.0,255.0,7.5791945,56.369599297673545
a5a76e7db524d8e11728cb77e5e32f8b,komondor,77.923536,72.65773963767869,45.0,0.0,255.0,7.0606327,29.61128
3fd4d0daf3781126dde8e6d4e47ce4dd,scottish_deerhound,94.2328990228013,44.60104612056129,85.0,0.0,255.0,7.0672946,21.597014115092293
875c993f6f71781ae8ba11e686669cee,yorkshire_terrier,110.50705705705705,51.226105201370224,127.0,0.0,235.0,7.372773,10.547657657657657
fab62c77c1af3606f359f987ed9b844e,giant_schnauzer,104.83638933333333,63.824664487038916,93.0,0.0,255.0,7.7996855,55.2296
d67195583fae5a5cce6fd767ccddede1,blenheim_spaniel,119.78515733333333,59.27010805874447,114.0,0.0,255.0,7.8225203,50.62056
38ef9e4d9065f4d8a7efd44d0f83ef08,standard_poodle,154.33764266666665,85.77507748425325,152.0,0.0,255.0,7.0990586,22.87792
22cbd4b42526ca9d884b3ab4011db65a,labrador_retriever,107.38473066666667,73.87019136057155,85.0,0.0,255.0,7.5989523,44.2816
94d9e41e7e54cab9fad00dd7d9f18ff9,german_shepherd,143.91377453703703,48.423683072430244,150.0,0.0,255.0,7.485444,13.140645833333334
c0e21b16483abecd9449bce9122cb82d,bluetick,56.55320533333333,48.92318420945743,37.0,0.0,249.0,7.141271,18.36136
c4a98c78f34950aa9e0efb1e52d8c826,pembroke,123.87571733333333,49.43539152421168,121.0,0.0,255.0,7.5286283,23.43552
85cbe2f580485f7ac1df7821c3e9c467,norfolk_terrier,103.47043733333334,38.06806655691977,95.0,0.0,255.0,7.162296,38.06368
ab5c5ee4b0431f391fde0ba59a253907,toy_poodle,96.954335839599,59.29443029203194,83.0,0.0,255.0,7.6992817,37.44345864661654
fea60fdd28de5834520134d6dc77a9a2,black-and-tan_coonhound,133.90439379803635,51.122895513856115,147.0,15.0,255.0,7.4391127,42.987653423479095
833f34f8c542d816fa5c9c010c604680,border_collie,86.050576,62.30195833787964,55.0,0.0,255.0,7.0006227,16.422
bc8404a3b9d96fb5626360e0011e20b8,border_collie,85.78542049632352,54.61280879432026,84.0,0.0,255.0,7.2443066,23.021484375
c93de7c42883d7819fbfc95914ba6493,border_terrier,136.91331733333334,48.15855502520087,137.0,0.0,255.0,7.4652653,32.52984
05d6e6de49a6999e56de23c4608af441,saluki,128.03525,66.55114041675644,117.0,0.0,255.0,7.8736453,26.407375
1d7b95ca93d943e74adb6f6777d3ac6e,bull_mastiff,122.54397021276596,57.470614865367224,118.0,0.0,255.0,7.805614,37.557702127659574
080ec59213ed7425b7f8c169955bb9d0,japanese_spaniel,48.36266666666667,62.348201307032284,15.0,0.0,232.0,6.349848,11.0415
73525bccae4a337aca50ed2cb77d5cc3,bull_mastiff,136.93893238434163,50.79936958724606,146.0,0.0,255.0,7.477455,49.303024911032026
3e6fbb7ab195649e954df8d82901cd2a,pekinese,108.18208408408408,49.509630498045425,106.0,0.0,226.0,7.5229826,9.296396396396396
1ad9c8713583e136c1c9884a26a8de10,malamute,129.00451733333333,59.950123499403226,127.0,0.0,255.0,7.39935,11.92584
07c7389196b5dde668d740089f9ebc22,boxer,112.39174774774774,64.96304987465913,124.0,0.0,255.0,7.68193,19.274324324324326
2d1c767f731465473c9c84abfaee35ea,pembroke,174.73368,47.84938828230653,187.0,0.0,255.0,7.200221,8.466
0a7899ed6a15f4af8f28e01c9c44dcfe,miniature_poodle,97.60951900689892,60.73552852427465,86.0,0.0,255.0,7.643099,53.18439320622727
919275bc732b771a349d6515bacad30f,airedale,133.31043733333334,43.56447074542213,133.0,0.0,255.0,7.475722,48.87432
10c132cf556fc31a60c0f07e0d416a6c,staffordshire_bullterrier,108.30117594654789,47.20561479426892,122.0,0.0,255.0,7.278721,19.742338530066814
a526a377295cce6c0f10867f3fc6057d,brittany_spaniel,113.89112,57.969860868779044,134.0,0.0,255.0,7.0981197,4.7481
f8ed43ad1a94147b0a53b9cb3fb2d4bc,malamute,152.27870204603582,74.59656406247254,148.0,0.0,255.0,7.6972036,47.47826086956522
5db15139f4f82e42088eef5678f0ab86,malinois,95.77967469879518,49.59999173037447,113.0,0.0,255.0,7.2239146,14.72394578313253
9e03036e569f2a305e264b97c1aaab84,entlebucher,125.92939612552463,66.93168507211114,127.0,1.0,255.0,7.8613396,32.51915580051082
0e33a6b9235d5cbb8712daf0abbd0007,great_pyrenees,78.63305988023951,71.5396830239279,66.0,0.0,255.0,7.421749,7.62251497005988
244f4aef47cdfb6b4a5a58398ad10b06,samoyed,215.50591466666665,36.07659440251234,219.0,19.0,255.0,6.4482174,10.16736
9398217aeb0aa9604b9ac9ef9f681cff,tibetan_terrier,191.55114114114113,95.21321480483984,255.0,0.0,255.0,3.649918,22.602342342342343
81f54bbafb8cc5d2d6db34707ec6d78f,chow,56.72099099099099,47.93780916318856,44.0,0.0,255.0,7.077683,60.97486486486486
3d7405de56d708ac880ffb2626b95b45,siberian_husky,99.291072,60.30972611243964,98.0,0.0,255.0,7.791555,30.59592
6c2127a71adb12126a3900f00261de41,keeshond,136.97344,54.84690030651748,128.0,0.0,255.0,7.6221313,56.58416
e3e2cb3f0677ec569e74474b7e6a236d,whippet,105.46361066666667,76.7907018230924,117.0,0.0,255.0,7.663668,17.85408
411f2ae9ea70299b09ec03af2bcc8c04,maltese_dog,115.34107733333333,62.910684600625295,93.0,0.0,255.0,7.687803,18.44296
2e8b303be3212d4085e30c5e0b062c1c,norwegian_elkhound,80.72792792792792,52.949196180744785,69.0,0.0,255.0,7.5323753,62.59828828828829
92e945f27cf8202cfb225e74dfddfda1,wire-haired_fox_terrier,127.27238341807778,47.278984052772344,123.0,0.0,255.0,7.494314,72.40781126090404
ae0aa7d59b4d311e57fd7fc47ba65c4b,african_hunting_dog,121.38220266666667,52.56330274809851,111.0,0.0,255.0,7.636206,46.89416
a3d4baf88f32073eb9fda83ff629728e,brittany_spaniel,117.90559498956159,45.47056913687548,114.0,0.0,255.0,7.5019035,51.702713987473906
c8b1cb661bab73b5493f7ddee137564e,german_shepherd,177.419328,51.45547516084578,190.0,0.0,255.0,7.336924,22.9568
78cb1dbdd48e40691132cba7a39282bd,standard_schnauzer,137.88443157894736,70.95690324150473,148.0,0.0,255.0,7.888443,46.19123684210526
e593c0438ce45ae8abc32a8ad154e776,german_shepherd,114.63215358215358,45.84757537044196,132.0,0.0,255.0,7.133669,44.95592020592021
514be7edfb314e3c19c755795b9fed84,airedale,105.34742933333334,51.996081411887886,109.0,0.0,255.0,7.666893,68.53584
8165da6ab285d889a8a6f1980aad5869,dhole,124.45987603305785,24.971813895687085,128.0,0.0,255.0,6.5486794,54.62479338842975
b71ba77f52b28c5171c20415a25dd6b9,papillon,103.54620100502513,47.676525793080714,96.0,0.0,255.0,7.4630575,18.265175879396985
0f378abee01a23bc9e651753300a9a36,welsh_springer_spaniel,74.34022822822823,74.20581729101697,40.0,0.0,255.0,7.1239758,26.57054054054054
44a23af9ba4bc387361d7332196b24ca,shih-tzu,147.554272,32.83236847812459,150.0,0.0,255.0,6.8867993,11.38048
d0abd5df53b9a41a506ea217a70a961a,boston_bull,148.77720533333334,70.60820949344233,166.0,0.0,255.0,7.8178263,58.2692
cdd98aebbc986af83308c15269c14e66,brabancon_griffon,103.93558009141157,49.42739689997791,107.0,0.0,255.0,7.6101885,63.04019850127551
16052ac2a6ff7f1fbbc85885d2a7c467,lhasa,126.59442660550458,66.92165377638715,141.0,0.0,255.0,7.8476214,35.278899082568806
dccd2dd384090bfdf9105015167aed23,beagle,48.55681927710843,54.68158464492952,18.0,0.0,231.0,6.445628,9.089367469879518
8e78fd35123e6824f396ca237700f853,sealyham_terrier,124.03526577322693,66.24547776953764,123.0,0.0,255.0,7.857603,57.12061436530643
212b638c66bddbd536da71d27907528f,german_short-haired_pointer,118.55801025390625,44.591687941906365,120.0,0.0,255.0,7.478402,46.27125244140625
77adbcd124ca77b78044211f06ed0240,lakeland_terrier,79.5354555657586,53.34618196915705,69.0,0.0,255.0,7.5143976,57.99140393837364
818978a64d5dc3e05a6a0c0b97a154d9,cairn,98.24952533333334,51.32371208750745,98.0,0.0,255.0,7.6147223,65.56288
5c55a366f09d44461185c746f85993d9,walker_hound,106.267425,53.691359257047814,106.0,0.0,255.0,7.636653,56.029875
934f0466bfe1d0e3f19540cee4cb35f4,ibizan_hound,103.39103466666667,51.70003877390034,105.0,0.0,255.0,7.648522,41.3712
769fc71927cdbcc012395975def5c08a,newfoundland,144.93034133333333,84.05738297736548,143.0,0.0,255.0,7.6548424,50.06704
03f2f64aebc483ef8e5e17aba7311aa6,brabancon_griffon,119.71926875,57.81597631320089,123.0,0.0,255.0,7.7524815,25.0259921875
6c370fc5e1b1840570406446d438cec3,great_dane,102.04890625,60.46074921301308,108.0,0.0,255.0,7.7093954,36.99997667910448
00cc68a50b2d016a6b29af628ea4e04b,labrador_retriever,55.008917333333336,39.070970576817004,41.0,0.0,255.0,6.693275,10.20816
00fa641312604199831755f96109fde7,weimaraner,166.17192864583333,28.076060539836693,169.0,29.0,255.0,6.8221507,0.51159375
f66de1bea3790719f70ef37779889a02,eskimo_dog,98.44701829268293,65.8160375797175,92.0,0.0,255.0,7.812127,53.43338414634146
30298037be3bcc4f1c2798863d8ad579,border_collie,137.92580266666667,65.74180168981066,139.0,0.0,255.0,7.760642,49.10552
bcbf5ec7a0cddffc15917d416a90c6f7,cairn,140.091552,34.934601637411426,144.0,0.0,255.0,7.098837,58.30456
0c9bac77cd53f1c6756c7581e9b0bd00,chesapeake_bay_retriever,78.1436996996997,42.29267309172066,69.0,0.0,255.0,7.2080135,30.884864864864866
ed5920d873da0891d86d9f3a25f2c2fa,airedale,124.741104,65.46823096887924,145.0,0.0,255.0,7.553707,30.8788
6d2fe8f0bb9bbc3232567cd6d930a1e4,tibetan_mastiff,132.10850931942545,75.09486158463183,135.0,0.0,255.0,7.840135,42.68077761627907
9b2472991fe3434d0b36f83e8cf5a03b,chihuahua,114.23677866666667,61.588428262645344,118.0,0.0,255.0,7.8477902,50.60424
2842aab6bf7e2649919bd867d9baa165,kelpie,96.804304,50.09243904764721,96.0,0.0,255.0,7.546407,13.40688
82657cb2cfcaaca8626b8f9488b0d8bc,eskimo_dog,159.53032934131735,76.93424038491645,205.0,0.0,255.0,7.3567743,34.18679640718563
5cf7a6e59deee02173bb24459d197e06,american_staffordshire_terrier,100.2871619047619,70.48955515294094,74.0,0.0,255.0,7.581224,51.41771428571428
6b8ac349a4550590b06c83996ed714e8,scottish_deerhound,118.185188,71.47402687273647,122.0,0.0,255.0,7.848535,35.99376
34e117ba59c3244382726f68196b0ecb,norwich_terrier,121.49629866666666,52.96816283674686,121.0,0.0,255.0,7.733035,77.73352
b8ed5c550941c7fd275f1aa07e242f16,chihuahua,86.12848,77.73630917974945,51.0,0.0,255.0,7.4905596,48.246
dde1f99c744c9c5f3bd471bd390314d6,komondor,144.50002267573697,58.90070067225029,160.0,0.0,255.0,7.6503687,62.61377551020408
bd8cb94a46ae36e1bf2f0952a3e4a79e,scottish_deerhound,77.46047447447448,25.61406554314929,75.0,8.0,243.0,6.610162,16.096396396396397
1ca84cc3ffbab016dbd7ceced0e680a3,silky_terrier,137.15188571428573,39.29088304848589,143.0,0.0,255.0,7.2786407,52.87097142857143
eb7beb7875b92b0d8861826a420c8844,giant_schnauzer,147.65341333333333,53.03161764157765,162.0,0.0,255.0,7.508039,69.89992
dac79f436cc24744d951ab759c35a59f,borzoi,72.78929066666667,61.297382273444974,40.0,0.0,255.0,7.0522766,10.85144
0ba12512fa4766cc4f8c288cb3b9b95f,border_terrier,184.5538138138138,54.7550913522968,206.0,0.0,255.0,7.3916936,37.387747747747746
4362fae05daa1507a11e305746d523e3,shetland_sheepdog,141.85767466666667,64.48298768537965,148.0,0.0,255.0,7.6077337,9.09704
01ee3c7ff9bcaba9874183135877670e,entlebucher,73.58568888888888,48.46029843161294,61.0,0.0,239.0,7.2933254,23.913333333333334
7eae00737958c6e8460d106b46314040,italian_greyhound,84.18270933333334,53.414590802821344,77.0,0.0,255.0,7.554124,32.14632
beed8b7605a53ea93ca1fa8acfd13112,chihuahua,99.83976,62.81892193022524,92.0,0.0,255.0,7.816064,29.98528
b18a0f00efc8c6e741bf392c4fc34a2b,chihuahua,110.73199829931973,69.57604489857042,89.0,0.0,255.0,7.564035,60.87691326530612
16ed388064b485a047d02a147e0a5cff,lhasa,95.74165662650603,35.75364771553292,93.0,0.0,255.0,7.044794,8.040180722891566
061592707868d5ced7ee050cb383072d,soft-coated_wheaten_terrier,158.47381381381382,44.757486050122345,156.0,0.0,255.0,7.4053817,9.581261261261261
ca329bde7d07c1e7d968f9b376906edc,great_pyrenees,102.78019733333333,51.84472325564476,126.0,0.0,181.0,6.7763352,10.2272
f28efce22982ed7867a67df7d0762c58,english_springer,99.34701333333334,63.22358271309704,99.0,0.0,255.0,7.7018757,54.05184
6cecc5ec666f9ff8f0994a2b7b3b3c50,labrador_retriever,155.50285833333334,45.03657948634565,163.0,0.0,255.0,7.326241,15.446625
3535f0697cdc07a7206240c575323065,dingo,82.54429429429429,63.851566907743546,57.0,0.0,255.0,7.532459,39.97144144144144
02df8523833c432f90071f86dff69a8f,bluetick,83.15259001161441,34.02413252879691,83.0,0.0,255.0,6.53142,25.035017421602788
f3e83444819548799b1f77ac363a4d4a,bedlington_terrier,106.7211052631579,69.92856593349556,91.0,0.0,255.0,7.5725155,28.072815789473683
4a7fb96050500ce91866d0f5e921caa2,french_bulldog,179.2219288888889,46.19742908685443,194.0,0.0,247.0,7.1437855,7.6568
99e2a7f2e8b397cea5ebb113a1fd8438,redbone,94.47457692307692,54.35793806418927,85.0,0.0,255.0,7.6442714,29.424166666666668
ad54e9a8bcdda2309332009dc4873384,dingo,94.77803603603604,65.51592832381172,76.0,0.0,255.0,7.7046556,54.60369369369369
6b3f1fd13a925f11c01ec3f58a680115,lakeland_terrier,106.92786206896552,62.86223445167087,94.0,0.0,255.0,7.698536,54.13034482758621
ff04baf19edbe449b39619d88da3633c,gordon_setter,189.06054933333334,66.38599119627247,213.0,0.0,255.0,6.9785175,55.25816
478c1ceb68afd4e6be917ea8367a71bd,ibizan_hound,72.72864264264264,62.525312150191645,37.0,0.0,255.0,6.693227,6.47990990990991
a5a310eddec7e170634569244ad70d42,whippet,97.99874641148325,69.87456819705697,80.0,0.0,255.0,7.707681,16.273636363636363
4f6fdc14bcf95ca24cb4eec57d1c6443,standard_poodle,119.41551322751323,74.23212744885572,88.0,0.0,255.0,7.5235624,31.578174603174602
4b3f4c910479686b10d676f813da0b3f,lhasa,87.63502933333334,43.32692762873692,78.0,0.0,255.0,6.8346033,17.53448
6d199915483d4f5a61fc79d0f38287e4,dandie_dinmont,84.4432421875,56.80426079244162,72.0,0.0,255.0,7.577867,33.249609375
a0753c0a9da1276e7e05249733425150,bedlington_terrier,148.08422384701913,57.64405444522312,159.0,0.0,255.0,7.7421913,46.77014703519203
a2ac195c257b97664fcafbe23b060205,great_pyrenees,137.3984,58.86530231050094,142.0,0.0,254.0,7.671316,5.26592
d03cc5012ecadd760e8e119e10ac98e1,brittany_spaniel,87.25349019607843,61.11257372333651,78.0,0.0,255.0,7.717577,56.33714285714286
1a3b8d07144c42b337b9ac0c37cdb707,norwich_terrier,143.2462882882883,35.339292668972824,150.0,0.0,255.0,6.8844366,36.67558558558559
5bf7dc9255185907260436bb10d6ff42,lakeland_terrier,115.61684389467592,81.27107154999193,80.0,0.0,255.0,7.6541996,38.967556423611114
56ce3088d386c1cf97635b3abad74dab,gordon_setter,133.28976897689768,69.02701284173817,160.0,0.0,255.0,7.498795,26.460808580858085
6e90df201d3c69e037412e8b6dd01d77,bull_mastiff,125.60464985994398,43.18512773579743,128.0,0.0,255.0,7.449583,62.02619047619048
f3c645a41e15598e326c368253d0703f,bluetick,106.55015754923413,57.41965575612955,102.0,0.0,255.0,7.7826924,73.32951859956236
547231618deb73591ff006835eb13765,pomeranian,118.99482133333333,29.066640670157916,121.0,0.0,255.0,6.8843756,30.41232
2d3effc3e9eff34775fbcde166dc9981,boxer,140.67767507002802,69.33609938602034,152.0,0.0,255.0,7.868063,35.35857142857143
88a3cc5a66105089522f6fd894e65a55,basenji,130.91044967723005,46.502592129720234,137.0,0.0,255.0,7.5150247,40.529324383802816
9f7d5eb41b3bfb57db764b6d6049da3f,appenzeller,90.62977066666667,60.81740116864093,85.0,0.0,255.0,7.553007,17.41616
d7667fb74a7d171c5254c531ec53e7ae,african_hunting_dog,135.22738138138138,27.291504862270624,135.0,4.0,240.0,6.7284117,10.657927927927927
079509ceab0968ce07cffa0df479f1b0,doberman,118.80851089588377,79.32433072976069,100.0,0.0,255.0,7.7824874,13.808898305084746
de2b37e3a9b09388de6fac2872acfac4,flat-coated_retriever,99.9098299319728,65.66287169854033,88.0,0.0,253.0,7.5156665,22.386224489795918
7a1235e58df9cb1759647c149b4a27c2,entlebucher,100.49839429723502,70.61571870429759,83.0,0.0,255.0,7.866795,67.37633208525345
8537c0a9ca6bda02ac953dd23e188755,cocker_spaniel,109.89358558558558,93.79807186494834,60.0,0.0,255.0,6.3866167,9.954954954954955
b0209bfa37c3a298bc2c660740e970a4,brabancon_griffon,127.5769921875,62.57530096574097,135.0,0.0,255.0,7.734193,53.0453125
b05d8eb1d33475e05dd986dd0dd2554b,toy_poodle,157.29298591549295,41.18426092557346,167.0,0.0,255.0,7.2915583,22.02050704225352
2c390a15343403f0ceafea822ba22883,norfolk_terrier,116.84058858858859,51.86749315573455,115.0,0.0,255.0,7.6843014,50.81315315315315
9db59a1ca4943ade583f67c96652fdcf,toy_terrier,149.29198148148149,63.807706972094635,135.0,0.0,255.0,7.6434917,17.009444444444444
f588238227e5822b0c83a8355eccd067,rhodesian_ridgeback,64.41830870279146,49.847933056248536,49.0,0.0,255.0,7.2280293,15.957389162561576
a3d66583008cf1e8eff924620f6e982c,cocker_spaniel,119.7591497005988,68.21812315259501,113.0,0.0,255.0,7.868522,29.499071856287426
d216b973bd75fdf96a9566e159f5f286,australian_terrier,103.6526006006006,51.7065583705023,101.0,0.0,224.0,7.452278,12.304324324324325
e994ab08b7d68114beb65a3784c08be6,african_hunting_dog,125.04854487179487,69.12674105794991,148.0,0.0,255.0,7.629896,56.580576923076926
8f3854aaa58f727a9ca017c25595a345,airedale,121.47937066666667,57.37745634913832,118.0,0.0,229.0,7.573647,8.8808
8ed5e9327986e8759a13ad6b6544cd39,beagle,86.6576753507014,50.50596274453462,90.0,0.0,255.0,7.337286,36.614729458917836
6190f035170a14652b0b1942cb12c954,australian_terrier,121.35705066666667,70.95895495393634,128.0,0.0,255.0,7.8770447,65.61592
f193aef29f983b44a4458c03ec309ca1,papillon,101.668545,67.94826291071006,90.0,0.0,255.0,7.8776255,27.8154
969b7c7525b379c6e86c124f94f99d17,black-and-tan_coonhound,58.259615885416665,32.680448898646404,59.0,0.0,255.0,6.8473716,31.6791015625
6d2fe2807157cb6abb909806b4a73e93,affenpinscher,114.74315476190476,59.8691985522236,123.0,0.0,255.0,7.6800704,65.55245535714286
0bf36935030d2b842b86526bdb367ff1,ibizan_hound,155.59150986994123,60.29690820636384,175.0,0.0,246.0,7.4929485,20.835016835016834
1c80cbd184334b339e5eba8aaa6ae929,samoyed,68.21706133333333,54.36561034677687,59.0,0.0,255.0,7.3689394,15.572
549bd24432ca6245f78e5ce709b8a3f2,sussex_spaniel,102.16889534883721,67.0728548773968,104.0,0.0,255.0,7.4821873,13.628945182724253
e86503273b282ab18bd09c6b6ef63de7,yorkshire_terrier,91.35521556886228,59.444530540001686,70.0,0.0,208.0,7.158001,8.309640718562875
a1e4ab6fe9d1255bac0157273d64e18a,shih-tzu,95.70632692307693,81.46591409890424,73.0,0.0,255.0,7.5631895,19.462139423076923
a12ad579f50f6615214f1f8fe800a3ee,bloodhound,139.558432,55.411759561499,144.0,0.0,255.0,7.7422113,44.67328
106d7e0df869e7ba9f6d16c5f77ddfb8,affenpinscher,65.79971291866029,51.97976093603189,49.0,0.0,249.0,7.2660627,39.53652312599681
5170bb1397bf687ade980e913f7741e9,old_english_sheepdog,125.62802898550724,75.59710337850711,124.0,0.0,255.0,7.7781696,17.756024844720496
89cbfc8c3745a9c14c2b73765f30fc9a,scottish_deerhound,99.64859638554216,77.13175469133843,73.0,0.0,255.0,7.667061,24.715030120481927
44d047ad4be3593991ff51691fd32d59,curly-coated_retriever,88.39071834625322,61.12082438743136,80.0,0.0,254.0,7.5943437,68.84868217054263
bbb300ef4fd6a59dbf8bd3a041547ced,whippet,152.69857471264368,53.303027678119555,178.0,0.0,255.0,5.91203,5.2172413793103445
eb40629be9b4a1676e2277d19c43e4b0,japanese_spaniel,85.49853515625,78.86722515458116,53.0,0.0,255.0,7.469521,9.76005859375
b7e925345d316dc4b79a5307f978ef05,blenheim_spaniel,132.6245069393718,64.76303001577439,132.0,0.0,255.0,7.85994,73.21238130021914
6f614bff9db3144e74406fb737fa6d46,dandie_dinmont,90.84381981981981,71.91352834970115,60.0,0.0,255.0,7.4724336,11.805045045045045
123c19c8d168e7704273cb7174351821,vizsla,99.71306133333333,38.74989282825917,106.0,0.0,255.0,7.179179,43.65192
4106bc7cf624fdd142cbf0000a53640b,great_pyrenees,93.83936,66.51743797524377,70.0,0.0,255.0,7.642873,45.288
2812c8abfb915dfe85aa5ae62e5f3ba3,whippet,148.00793066666665,41.72869153357826,148.0,0.0,255.0,7.412797,89.42816
490c833562a01e699bc8dd9747ba33f4,rhodesian_ridgeback,121.216976,44.10315421919493,141.0,0.0,241.0,6.8925614,32.69712
07a0214fa84969b5256bf7d20f1b3a9b,siberian_husky,85.80955631399317,67.69861370630392,62.0,0.0,255.0,7.7006936,64.67107508532423
9e31cc4d5a9f9e240ee8dcd15b2b537d,norwegian_elkhound,199.39209609609608,62.090440110728146,221.0,0.0,255.0,6.980021,26.16162162162162
08571d6bb5ecf6c9b7a145dc24043088,dandie_dinmont,115.43503343465045,51.28134096648673,110.0,0.0,255.0,7.621474,66.55112462006079
c925c6050b9846ea6c7f8a9e1314c07c,collie,107.42722838137472,66.16950305425252,88.0,5.0,243.0,7.552251,7.677139689578714
dcf5b9d3ab80c6829b10d20b72b67746,eskimo_dog,138.40832193342453,66.0730906968817,149.0,2.0,255.0,7.6577287,34.31395348837209
f75b13d14f950f2a6acf1f907bdfc636,irish_wolfhound,136.3079641025641,39.19779734992632,135.0,0.0,255.0,7.2487,48.88546153846154
983efc3c13e21aa72a5bf89bf5fbeb99,border_terrier,143.4134486215539,55.73655561358188,148.0,0.0,255.0,7.76428,88.51631578947368
a50ddcba1998c1d2b87c2c0cf4df1409,cairn,135.11855920444034,47.178904048242835,138.0,0.0,255.0,7.5317936,33.983290934320074
f194e48d99e5e0f279eb8cd5e6872e36,scottish_deerhound,131.72184688995216,65.93057679260984,150.0,0.0,255.0,7.66666,40.18873205741627
e87a86f29c8709e81bbea9c8139d739c,bull_mastiff,135.97494276094275,80.64465964780636,126.0,0.0,255.0,7.707725,27.84050505050505
8eaef67a7269e3e766cce9ce9a1a9ebe,african_hunting_dog,160.84598540145984,57.306754458500656,175.0,0.0,255.0,7.6716647,23.776137001684447
f6652a6cf81ed972d896b7c51e6aa39f,entlebucher,140.53526814778647,54.412743643285566,140.0,0.0,255.0,7.7222757,72.97943115234375
69d9fb236d6c980ce97cab91f70961a7,irish_water_spaniel,95.28868266666667,70.6858521698977,81.0,0.0,255.0,7.611888,18.06624
aef239bc996a3b364aba20025acebc3c,keeshond,98.04188235294117,60.63087937993246,95.0,0.0,255.0,7.8025274,49.31857142857143
07466e87275ed10056a9d2cbb4c733d8,leonberg,157.83216666666667,75.9776084249315,184.0,1.0,255.0,7.521361,11.264625
d02aace37d23ed5e1bc81621bd1a6014,irish_terrier,132.97377777777777,49.90300523028328,133.0,0.0,255.0,7.662901,87.65108108108109
76573a994d0ab0a1f77d117534a18573,english_setter,107.49012612612613,73.59898879574274,85.0,0.0,255.0,7.676362,53.476486486486486
104a6182cff3f37406fb77b7f0c40402,japanese_spaniel,107.61811804008909,54.323150449013774,95.0,0.0,255.0,7.61672,42.24064587973274
46828dcd8f519d13b320c9ea06a93a47,basset,107.93288,49.81698410755379,109.0,0.0,254.0,7.5187464,28.73
6c22373b6656afe451bf441018342f67,bernese_mountain_dog,133.65484039769754,84.11917057082132,126.0,0.0,255.0,7.5261383,21.88116169544741
ffa4e1bf959425bad9228b04af40ac76,basenji,110.85010438413362,44.4471355474639,111.0,0.0,255.0,7.408946,27.89384133611691
a68057c18b0977b5bedacbb3225a15f3,kerry_blue_terrier,89.74249145579452,50.034206695606095,87.0,0.0,255.0,7.5779777,45.33167052162806
8eed4ce43508497ca2fb97b5052c719b,australian_terrier,114.72425213675214,55.586020989972646,124.0,0.0,255.0,7.6706743,43.05849358974359
d153a102953bac7ee4dca7b2919111ee,irish_setter,77.69131531531532,33.93778735365842,78.0,0.0,236.0,7.051838,3.2269369369369367
4d9be17293b120d6cc995f0a7da0051f,leonberg,123.45655238095237,43.35248014273949,124.0,0.0,255.0,7.380365,19.96609523809524
0b9be33db71b9237002df13d40b7282a,african_hunting_dog,142.23364266666667,68.96593163128429,148.0,0.0,255.0,7.777649,48.92872
d89a7d0ac27039b8dbadc1cafe221079,ibizan_hound,53.7975026795284,69.8053827437493,22.0,0.0,255.0,6.808387,22.693086816720257
462e88422f0889ec7cadcf742042e5ec,maltese_dog,94.36868468468468,60.05060868246724,68.0,0.0,243.0,7.4788923,12.123603603603604
83826637f504a03f95aa5bdb025ab9f8,airedale,123.68454933333334,51.83515064969812,121.0,0.0,255.0,7.578582,53.90768
b3ce89788191e0f62e14820abd176628,norwegian_elkhound,135.97791787439613,49.752633803154005,136.0,0.0,255.0,7.6184673,31.60768115942029
6de1b44c95bb9e1ec1e5892f145c19b3,pomeranian,68.46369612123037,18.931437261385117,72.0,0.0,123.0,6.1219587,1.7497741984043353
0e79be614f12deb4f7cae18614b7391b,bluetick,133.671872,59.66132506084336,134.0,0.0,255.0,7.804874,78.47744
8e7256b23446acbd33967122787c1eb3,tibetan_mastiff,106.19435833333333,51.061063442101,104.0,0.0,255.0,7.5191126,23.2305
2b42884366cd108df865e465d4b65e7c,rhodesian_ridgeback,81.61271686746989,36.37991841088276,80.0,0.0,255.0,7.190831,68.79930722891567
25526168121fe509d4b323dcb6e23a7b,blenheim_spaniel,99.883104,54.366601702318285,91.0,0.0,255.0,7.573657,17.96152
aa2d66804ee69b60bc090da5f2ff37da,great_pyrenees,127.69235733333333,71.26431481924395,113.0,0.0,255.0,7.8792915,55.07048
6ff1a5f8d5b792be9772e0cd4f47d06e,clumber,115.73869063152401,50.957332351831276,103.0,0.0,255.0,7.506896,77.21535751565762
abd2b21b2ff694e62448318b14ca752e,irish_water_spaniel,112.32242133333334,79.22491440923416,77.0,0.0,255.0,7.5579987,20.53736
278368d6d4f4efe53432c4856187c299,kelpie,106.38601812688822,64.55943610820917,120.0,0.0,250.0,7.6314974,5.952054380664652
907ac782dcb11020894b547df9142223,cairn,81.747456,41.492817019271314,73.0,0.0,255.0,7.201869,24.88528
9cb7daea9f8c91fbcb0c021b80e30092,siberian_husky,91.142704,53.29823395043264,78.0,0.0,229.0,7.502589,5.21832
78c92f75971c43e4962e206059b6a48d,kuvasz,126.15834195997239,61.44355367666509,118.0,0.0,255.0,7.6587005,36.461568322981364
0f2c56b4d40a8e86b8c91545e625b79a,walker_hound,130.28504588536182,57.58581374845817,120.0,7.0,255.0,7.3166337,10.29923273657289
63dd3e15f7fe4b3b3e9a69530e8d36b3,basset,89.45374075571696,58.857068031118956,60.0,0.0,255.0,7.209329,1.7442989349365234
a03f21fc41f09a6bbb0332c7874e726c,norwich_terrier,132.85565333333332,52.275053081814164,131.0,0.0,255.0,7.6833897,67.17312
0ff07d44f992eec7f0b5452875255c80,labrador_retriever,82.73052694610779,56.48774448045164,94.0,0.0,230.0,7.091537,6.648323353293413
b4ef4f738cb055e2da9dc32281485e44,greater_swiss_mountain_dog,140.7450930930931,67.62527279772932,126.0,0.0,255.0,7.47686,27.097387387387386
b97c4e63dc686e98bd5095e21dd7680f,ibizan_hound,69.58669333333333,57.95573187873041,46.0,0.0,255.0,7.2895393,18.58712
ccc5516a7db6d1d409ed66be35b6deeb,brabancon_griffon,63.951728,74.98656569777916,31.0,0.0,255.0,6.638084,8.79104
3a5ee5179351ec35c761ca460a6ffa20,pomeranian,108.44162702702702,46.973139629474204,111.0,0.0,255.0,7.532325,26.076162162162163
1ce8e4d2e4e941ce9045bdcb9c884ad3,irish_setter,105.18049468085107,52.46186934812724,112.0,0.0,255.0,7.5523634,25.832313829787235
f33c92eca07a03a242b4a9986fc66d9b,standard_poodle,88.92366933333334,71.06730712239859,84.0,0.0,255.0,7.6354094,26.13784
1aa98488ce65f9b57b468ccde4f1cad8,affenpinscher,152.25108877721942,58.94412284310063,168.0,0.0,255.0,7.569916,48.79597989949749
8e4a535a93b830de0cf9a2ed46bcd010,basenji,132.63669491525422,84.54013193578824,99.0,0.0,255.0,7.543506,12.01417372881356
7889edf05a5af5ad63b08764ffead960,irish_wolfhound,130.481552,59.51705723855946,136.0,0.0,255.0,7.7439137,45.82928
5662700344c5f0cc5ac699a6d67fe1db,boston_bull,124.74525685785537,70.63578765365845,141.0,0.0,255.0,7.783863,53.707705735660845
b97b359479d37c9e95a6071d9e5ac59d,blenheim_spaniel,82.83871021775545,47.07121799460463,68.0,0.0,255.0,7.252081,20.173618090452262
deec532e2bc9651c24928ead1d10b199,redbone,139.87587733333334,72.84023453351145,112.0,0.0,255.0,7.5306444,35.02408
38aaabf7675b60b866cb632ac65f2061,entlebucher,125.67931238810222,47.41054662671047,125.0,0.0,255.0,7.5577636,57.399091720581055
abb198660ee09c413223848381046ace,walker_hound,121.67023125,71.91386650932853,116.0,0.0,255.0,7.697794,16.2530625
37eef53bb1353736a04e83538beb4cfc,dingo,141.00115733333334,22.011521922103576,141.0,0.0,255.0,6.46611,52.61976
2caf050afc8dad52c1e250eaec964bf5,clumber,143.11449700598803,58.297192838341964,143.0,0.0,255.0,7.7551885,52.85523952095809
70d64638456cc0f241a45fea9ffa050b,black-and-tan_coonhound,115.31549865229111,78.00665043323768,102.0,0.0,255.0,7.6045504,18.17579514824798
fd42b1ea571fbdd77c1c5ceeff8ebb76,english_setter,101.04857066666666,66.56591899430974,81.0,0.0,255.0,7.714794,25.1736
6a9f93acce8890105a66f3a4b4a13d3d,wire-haired_fox_terrier,101.4045810729355,53.39640217872564,91.0,2.0,255.0,7.3311057,23.002260397830018
1ccda12951a853e07cb94db268c8664c,bloodhound,124.57653333333333,38.60571790096499,125.0,0.0,255.0,7.277766,58.38072
029202b0cf0b5d6d48c6ce7b432409ef,giant_schnauzer,171.71377777777778,75.31877782502661,207.0,0.0,255.0,7.4731016,25.29936936936937
485a7d876ca6fa29de6f32e7773d1148,lhasa,104.03348348348348,55.678138448394236,100.0,0.0,255.0,7.6816607,48.90486486486486
7092ab2a22edbb3bec5f93ecf2ddb331,silky_terrier,127.21024533333333,59.334359463129054,130.0,0.0,255.0,7.7728586,48.09776
21781fa733040005ea99b6d23829dd82,bedlington_terrier,136.09426470588235,63.92333652431262,138.0,0.0,255.0,7.8145375,35.2875
69ba753079fe58a8bb749fe4bb0beb9a,newfoundland,144.91935735735737,67.88841658467074,169.0,0.0,255.0,7.7381096,40.78009009009009
70d6066bcc9796967003a09cfd60e76a,beagle,129.63514666666666,74.04318683519654,156.0,0.0,255.0,7.032707,9.22624
bc7d13f323cfc48854ed90ca52078553,lakeland_terrier,80.9972199453552,53.97485360337968,64.0,0.0,255.0,7.4588604,44.280122950819674
fef5d4cdaf50cf159102e803c7d6aa9c,bernese_mountain_dog,115.75711466666667,66.38640140908518,110.0,0.0,255.0,7.8743343,52.25936
86b9f437a4969f42f38b20ac4d7d7e7c,golden_retriever,132.00603345280766,66.61795661834473,132.0,0.0,255.0,7.8946295,62.75224014336918
48dc00c33b5f03e83f391fa306cf6c9e,bouvier_des_flandres,109.0674244056597,43.31099544032309,112.0,0.0,255.0,7.4033484,44.07967032967033
511de4a2592207f53c04fdb6277bca20,norfolk_terrier,93.94867659574469,65.36030423860873,102.0,0.0,255.0,7.4581842,36.40423404255319
ec483170d4a9c12f9f7bd0d691de7c6d,norwegian_elkhound,97.92968533333334,59.88390906730275,92.0,0.0,255.0,7.7913795,75.45416
b9f961b985f5ac62cd781584cb96aec1,west_highland_white_terrier,121.79493023255814,65.47313068533778,134.0,0.0,255.0,7.724593,31.26418604651163
cf0973fa8d11be069b23769e781daf9d,vizsla,152.14039603138363,57.95853013235616,164.0,0.0,255.0,7.7395077,82.22300635144671
1a954490c0b303ce88e54c727937e745,airedale,123.23855466666667,77.22498092157537,145.0,0.0,255.0,7.758239,44.80112
4e0ffeab743baa4d6061e3d35fa4c49e,boxer,97.13558558558559,53.04805279025112,79.0,0.0,255.0,7.313274,9.873783783783784
c38369fbdcdd27f1cc723181df8b6330,german_shepherd,136.0698805732484,57.955002700742426,139.0,0.0,255.0,7.7675953,68.5109474522293
d686e2bf8438d2a5c29924efca616708,schipperke,84.66609066666666,73.38501298782866,54.0,0.0,255.0,7.35093,12.0496
28f673b778e6f4cb974dc332fcb1ee1d,saint_bernard,116.9248356545961,72.5279123632388,110.0,0.0,255.0,7.9256296,58.40991643454039
dd82e748363c70f532e630c5197dd789,west_highland_white_terrier,121.46185066666666,59.26379023171202,125.0,0.0,255.0,7.7780056,24.6296
c81748117aecc58678b1677528fdab97,scottish_deerhound,118.679584,49.59364658488972,117.0,0.0,255.0,7.6255045,57.15672
e79f822b26adace4455db1fcd94ab47e,schipperke,73.12701501501502,73.14751633832306,39.0,0.0,255.0,7.212655,17.721351351351352
581b931b162035c266ed9277771f2822,bedlington_terrier,109.67909333333333,75.71964504392473,82.0,0.0,255.0,7.5821867,39.14896
20ca77608e80e914e6eb60d5e08caf6d,dhole,122.101104,49.35511039376959,131.0,0.0,255.0,7.507673,57.55044
9b68b5724c63b5127703bce31dd1fa65,briard,121.63875075075075,61.42849792920852,129.0,0.0,255.0,7.8065705,42.90738738738739
e56ce32aeccac2bfbbcd6eb80ab337da,shetland_sheepdog,106.22454975579976,34.98706236805079,105.0,15.0,235.0,7.032649,26.42628205128205
12fbfefaae57137c745f16b0cf11b84d,otterhound,120.96626698641087,54.69350029020144,117.0,0.0,255.0,7.752186,50.27434052757794
1d9d8911b0771e784da6181c3a7fd4c6,tibetan_mastiff,111.58388283554898,63.04325385630289,99.0,4.0,255.0,7.627994,22.373232483514933
503695039f80f78a60d6684d553a303f,saluki,142.23268263473054,44.52464408221342,143.0,0.0,255.0,7.311905,7.740089820359281
1edad3ece8f4f47a493d88c24dd7d8c9,siberian_husky,107.722274889263,61.76138161239188,95.0,0.0,255.0,7.7364693,26.424870466321245
e0c2b69fc53eeb74dfbf31a1ce54b11a,chow,144.43592142857142,68.7925719179007,153.0,0.0,255.0,7.864409,15.074142857142856
ffc532991d3cd7880d27a449ed1c4770,tibetan_terrier,111.85612266666666,51.036801865382266,108.0,0.0,255.0,7.642422,42.77064
ca2b3c1fd1ff7fb5e8c714359ac512d4,ibizan_hound,121.41561643835617,63.08648369199225,129.0,0.0,255.0,7.838995,85.6744109589041
00bee065dcec471f26394855c5c2f3de,cairn,129.93151466666666,56.308448700816214,140.0,0.0,255.0,7.721181,43.95928
3bf6ea9d17fe5de4aca62de26ff38071,french_bulldog,74.34900523560209,53.52079173765186,59.0,0.0,255.0,7.399055,15.834031413612566
37888000eea904840be8c868875a242a,bedlington_terrier,137.44335,36.002046804464236,134.0,0.0,255.0,6.9946704,37.232125
a6247763d4791f9bf3cb080311fe8f3f,norwegian_elkhound,100.06341149425288,41.051820877680946,95.0,0.0,255.0,7.365346,37.08696551724138
9951edcf2d8205b7ddc7933f93b3bb24,eskimo_dog,49.305776,73.91496519450233,7.0,0.0,255.0,5.8891377,25.84272
987de7672a009521f6d8c7cb6f679255,standard_schnauzer,190.94379270766603,83.6149217586685,254.0,3.0,255.0,4.757086,16.029388212684175
1c0cf2b1a56d5a25c6db97f9585d7818,miniature_pinscher,145.36795195195197,64.11576082006069,161.0,0.0,255.0,7.748257,32.15144144144144
a9054d27b758b05eac6e483eba0f9f78,papillon,89.38389866666667,50.7726358630355,79.0,0.0,255.0,7.583309,22.34888
89bdd9a0e2f6869c8c19785838f9c030,old_english_sheepdog,92.71904,54.10816470871163,92.0,0.0,251.0,7.5566244,13.32392
6aae9f70dbe1507eff5b79f6d4c77ed0,australian_terrier,151.01090960451978,44.969219098081574,159.0,0.0,255.0,7.384356,42.887542372881356
a77619f67680f34bb77a80d67e6efa70,greater_swiss_mountain_dog,113.80272268907564,48.412312777239904,111.0,0.0,255.0,7.6102633,74.99
73ec0cb4913739425e88255f57e49589,scottish_deerhound,110.60676371308017,75.0941929625683,82.0,0.0,255.0,7.4569893,23.2803164556962
bd9b29f039b5ecf255916a26662070c0,english_springer,59.18986666666667,42.01646031397166,48.0,0.0,245.0,7.0789275,13.91824
24968d279159784894314e7679c934b1,silky_terrier,102.95840157480315,51.93512513056002,97.0,0.0,255.0,7.2728863,19.598858267716537
2bd7de172c5d3df19fbd1e184cc55e0d,bedlington_terrier,140.39863466666668,66.40710188729214,146.0,0.0,255.0,7.825101,65.53704
7a862931560f0bff7716b0d40d55822c,australian_terrier,158.26008533333334,64.80890312001418,151.0,0.0,255.0,7.702655,33.80008
ae7d5f98febfb5761f789e0642ab6cbc,gordon_setter,132.7385804816223,72.55121943729097,144.0,0.0,255.0,7.6509132,46.9277566539924
0296633efc21006e3ce2af7eaeff04f7,irish_terrier,122.97729066666666,66.84054152198982,118.0,0.0,255.0,7.9168572,72.40504
9cbdcc4ff6fc0daf8e32caa3ca818aef,great_dane,129.92429866666666,54.89949136353449,132.0,0.0,255.0,7.7384768,26.52408
9b01ea1c6fd64b0e1b6184904391d3e2,norfolk_terrier,118.62221212121212,75.2657669213437,92.0,0.0,255.0,7.3762474,14.269181818181819
dbc7b27136e58946665a82f4ff6209ba,great_pyrenees,116.05988266666667,52.40060710271303,98.0,0.0,255.0,7.2277517,20.22728
17738f5f90c73ed152991b28ea4d77ed,appenzeller,125.10282133333334,50.237661129608846,136.0,0.0,255.0,7.312484,47.40552
581f448cf08f746bbd282a6ec1c9d9d0,bernese_mountain_dog,188.0601793721973,86.4368311920035,244.0,0.0,255.0,6.2007303,22.307354260089685
b6fe6d1a08a8766f5db00a06e635bbc2,briard,129.69699797160243,49.815286752494565,115.0,0.0,255.0,7.3209076,21.336206896551722
29743dcc4d439615133f2024b50aab15,lhasa,97.05999342537804,48.961025004524885,116.0,1.0,198.0,6.759224,3.9616370808678503
adbc0c1e5c3c13e91701d064239c1eb9,vizsla,113.562528,65.3194344095427,104.0,0.0,255.0,7.827707,57.78096
2932b0c7298f1f35288901d9666ba52c,norfolk_terrier,125.15897897897898,65.66084959950402,118.0,0.0,255.0,7.720042,19.052252252252252
bbdf0182c894bda733805993317a6e3d,komondor,93.02364532019705,50.82738658405509,79.0,0.0,255.0,7.34343,39.81122448979592
a27dc59c0bc6b4358473fb3ed45a1f8c,border_terrier,128.588032,54.66698406137818,132.0,0.0,255.0,7.752465,73.72968
19477984aa7b1543928557a7dcce685c,staffordshire_bullterrier,127.95650969529086,68.80307812966613,161.0,0.0,255.0,7.322178,26.734736842105264
53473e80b84c98e1f6e29f1227001a07,collie,102.83134031991175,61.87260512447003,80.0,17.0,244.0,7.4462705,24.602647545504688
f2fd565d275c740f2f4dd91f0759b9df,miniature_pinscher,73.06287466666667,63.96047778727338,55.0,0.0,255.0,7.461293,20.5428
45c500a40d2bc460ed48337a8893ebc5,samoyed,127.140096,48.172727662486764,147.0,0.0,241.0,7.0917764,18.29472
e237f2c2da59abcb4d622106db8eef11,leonberg,77.87558558558558,58.45115348627697,63.0,0.0,255.0,7.411708,41.75720720720721
276de3bdc93f4220e5b7492dc601cf5c,giant_schnauzer,142.25796666666668,57.70856048454934,149.0,0.0,244.0,7.2857895,46.4695
e5128f2c854ffaa8e53b917edd0741e9,old_english_sheepdog,98.53803931203932,61.20442021814471,86.0,0.0,255.0,7.708901,47.98761670761671
3276746904f57c4fcbb794bbbb27e7dc,flat-coated_retriever,111.08451111396634,52.87097211943283,122.0,0.0,249.0,7.2923746,46.955865347552354
9d137534989cab3200f2abd6d6409902,bloodhound,63.15944533333333,50.35375228506489,51.0,0.0,255.0,7.271737,15.74744
4bd83d80fbab26a3a1f0d73785cf7af6,german_shepherd,112.65664,69.49305363783058,100.0,0.0,255.0,7.877575,16.7688
3ad79928c45be8e357816dc1ce708c9b,keeshond,62.853872,50.74187715560278,50.0,0.0,255.0,7.3065777,24.81728
66caeacfa0178274b3a981776bc3432f,black-and-tan_coonhound,105.23717866666667,60.60156369500773,90.0,0.0,255.0,7.4911737,11.68648
4a6cff93d44190c7e2410799f729a4d0,affenpinscher,110.612125,59.43123546934681,109.0,0.0,255.0,7.470666,29.174732142857142
9bf3d79a743c864430ddc69fcc4e4c0d,scottish_deerhound,106.96152141057935,40.75312576910282,106.0,0.0,255.0,7.353108,56.53420654911839
2796546b6e0e5e25f200df4b79ef0099,border_terrier,150.08268907563024,53.37059007736234,163.0,0.0,255.0,7.5941124,80.07
c62d6c163cbe1109462aa729bc4f425c,chesapeake_bay_retriever,132.12546666666665,52.0735812427846,136.0,8.0,255.0,7.6861873,54.6584
b76ab109cca8b7170e7b8983dfc1c9db,schipperke,162.39921787709497,102.28875782334006,235.0,0.0,255.0,5.58337,6.110027932960894
a3c934375f373943efe9fbec8af54fff,norfolk_terrier,105.68548222936937,53.96371663952918,101.0,0.0,255.0,7.522852,49.555937792614905
ccbf2d7da8e85a3b60eb0ff8a87af58f,airedale,141.97702578796563,71.41069229196876,162.0,0.0,255.0,7.6596775,28.603839541547277
dd664bf798e6b767704a9da2e0d26cbe,papillon,103.3998978978979,65.89187287139504,93.0,0.0,255.0,7.8309636,68.77495495495495
5591ad33cb935413bc58d4e37449023c,curly-coated_retriever,140.90084166666668,77.34475349126745,140.0,0.0,255.0,7.705071,36.662625
904f13f221653c8389dc5fa88d68541b,saint_bernard,99.48740266666667,72.45001886340123,80.0,0.0,255.0,7.7627106,45.14248
426a409cfbc58be74a242f3f09eadce0,great_dane,167.582624,56.578628567754784,185.0,0.0,255.0,7.5446687,15.94192
32fdb53b8599afaa5250611473f8e5fb,entlebucher,136.18762011173183,53.945183586796944,144.0,0.0,255.0,7.694584,64.16312849162011
644b20efdc7375c268aa32c7b79d0b41,vizsla,158.36441066666666,43.80052735830951,161.0,0.0,255.0,7.464488,67.69944
8d06f684b12bf2c64375acf001cd8285,japanese_spaniel,131.33992191711454,55.45925477981638,144.0,0.0,252.0,7.43373,7.439600111080256
fc416bf2011ddccc885698a7ad19ba11,malinois,129.15671686746987,49.18879206815975,128.0,0.0,255.0,7.4039555,35.183855421686744
23fd69aeafc33f66ff8ecb536096881c,giant_schnauzer,111.55494894894895,53.986322273563154,118.0,0.0,255.0,7.658181,36.605135135135136
071652f5f5d0bf00983c075e96ad725f,japanese_spaniel,97.00810091304257,62.98577212652441,84.0,0.0,255.0,7.752087,36.093311287202845
0c0fb87fb13f0f6c8d21ff6c15e3361e,otterhound,171.56682414698162,68.47122929063072,181.0,0.0,255.0,7.6242094,56.051811023622044
cd9045d7c082dc4427bfd026d03c0e69,boston_bull,126.56887407407407,60.67784009491556,140.0,0.0,255.0,7.3707056,16.77711111111111
d48a8aa150e8ec0f97868af26bcc0a93,scottish_deerhound,113.28950933333333,61.88125297438026,105.0,0.0,255.0,7.817462,58.888
0d2129d0eda43dd8514ea309c29ddbb0,bloodhound,115.55379166666667,52.710304398570216,111.0,0.0,255.0,7.6833076,82.98597222222222
07b46335006fbbe0328aeb8213b874ce,curly-coated_retriever,119.34262779890156,73.69879785149146,138.0,0.0,249.0,7.1383643,18.654752851711027
c2e139591c5752222dd5f2026b0bdda1,old_english_sheepdog,91.86622891566265,48.168304674095744,85.0,0.0,210.0,7.3042574,4.4655722891566265
78264c18912a9f0236458ff853aa985c,otterhound,146.87509166666666,45.56671023062337,158.0,0.0,255.0,7.185918,19.445875
72443a190c2729234c4df338d517115a,groenendael,91.2007619047619,64.31189065866258,70.0,0.0,255.0,7.488178,14.464285714285714
706939cce23d7bbcf3c734866bebd582,appenzeller,145.5816331845238,55.43666373191631,152.0,22.0,255.0,7.6369286,25.903180803571427
f41b28e57b9838e049dcaa3e3f11d9c9,chesapeake_bay_retriever,92.52031736526946,44.829548175281424,96.0,0.0,255.0,7.454675,86.63434131736527
6e61626e3af3ab86323ffdb883086d71,great_pyrenees,101.19223756906078,62.28082649246431,97.0,0.0,255.0,7.7879124,57.81596685082873
e0e54245b5dc9d5f66cb1012bae1a10c,miniature_pinscher,85.50082682291666,63.69663472553343,73.0,0.0,255.0,7.542487,6.33349609375
ebc1adf5291f968954104e7d2c7e540a,redbone,134.02882666666667,48.54176808711533,140.0,0.0,255.0,7.522911,32.28912
4552e694e0dc79e9cbd44e9b0625e925,bernese_mountain_dog,96.51627325581396,62.54912387853121,96.0,0.0,255.0,7.685407,65.2844476744186
73cb81b201c9ea7bb90ba3da50ddd960,saluki,155.92831466666667,48.840601987959964,166.0,0.0,255.0,7.47295,47.19064
c962302a0176ab136617cac958822928,irish_setter,138.71384662576688,37.810184458182064,139.0,0.0,255.0,7.1885366,32.43036809815951
122abc906f3215996cbcccf63c8fc89c,redbone,107.80915403569028,66.96969061255862,115.0,0.0,255.0,7.691991,55.37248936011349
4b0dce3ed42b8b4318609b4006ca4c78,irish_water_spaniel,144.87613600227618,73.82172857789298,170.0,0.0,255.0,7.72242,48.72075264857989
0075dc49dab4024d12fafe67074d8a81,norfolk_terrier,105.12294578313254,40.04243711210119,106.0,0.0,255.0,7.2599363,32.83355421686747
bd4dc4f436e88c6b6418140b33264130,shih-tzu,80.711648,77.64725159199625,50.0,0.0,255.0,7.545455,40.2084
78892d355550946552b770d51a2cd67c,wire-haired_fox_terrier,117.85668838964158,46.54911729542419,111.0,0.0,255.0,7.2439756,10.370991253644315
34406ae34e0bda843981a62f7bd6b396,pekinese,40.98230538922156,50.53982094618071,13.0,0.0,227.0,6.130233,11.120748502994012
52b7a64d684ad473557d2858c1c0a096,bedlington_terrier,121.94009302325581,66.44323488751077,99.0,0.0,255.0,7.5495577,13.772372093023256
2d9d74365b727615cd8c026fb5f45010,kelpie,79.06915915915916,50.02925178160795,65.0,0.0,255.0,7.3920927,41.48918918918919
fe7ea4eb63ab5fddea120555790f9187,newfoundland,116.334016,59.17102152218103,132.0,0.0,255.0,7.660446,28.69328
605bb5c3c8006441a932f2e880a843da,entlebucher,163.72716681376875,71.72080799821323,201.0,0.0,255.0,6.745379,22.9308693733451
61ee3e61d002e571a3066ab8aacfad0c,toy_terrier,135.6797486384583,40.94173850538074,141.0,18.0,255.0,7.19434,14.22744030163385
d7c8a92ed39f40c397ec8fa7ddb3fbe3,groenendael,158.7683825136612,76.1257997045839,175.0,14.0,255.0,7.1072993,20.83754098360656
9d53f7360ed130a897dbaf560aa0650a,doberman,178.18995195195194,92.18167098074593,246.0,0.0,255.0,6.263022,24.78018018018018
61268d9cb5f2d80a1348abf5ce97b47c,sealyham_terrier,91.48235487855085,49.348270784784056,69.0,5.0,222.0,6.7454057,9.02630712227254
2b20b95a67ae06fff91adadd666b79c6,keeshond,96.306272,67.26643232297975,96.0,0.0,255.0,7.5640583,16.29688
aa39f6a8d629483e5c56e86a7434229b,lakeland_terrier,81.17199466666666,47.73771944526297,72.0,0.0,255.0,7.375983,12.88192
9ef0b7e985d38526d6f600a0efd0d39b,leonberg,143.90325473599356,68.57619951962505,162.0,0.0,255.0,7.6957436,10.847521160822248
933985d766d5a834262127f0d6f5d8fd,english_setter,90.468592,62.83764434533546,83.0,0.0,255.0,7.59888,59.21168
c984aa03d799d4235c311e5bd373cf1f,chow,114.04399466666666,54.677426912782195,102.0,0.0,255.0,7.5908985,16.39888
d654df8cbee8ba4336355a692a3b8468,malamute,138.8066482504604,71.12695637134766,156.0,0.0,255.0,7.829775,25.598618784530387
a3b99336fb9ff5164a23876567a4f7b4,labrador_retriever,128.04097066666668,71.27961314011513,167.0,0.0,255.0,7.3180833,26.06984
25b02d997fb29784ffa5d767cb0481d5,blenheim_spaniel,100.9591805954789,54.66804637334973,103.0,0.0,251.0,7.62793,36.42792505056957
db953c4fb2ef6767dd6c817574b4e447,norwegian_elkhound,145.4616355140187,52.27504505038516,138.0,1.0,255.0,7.5011497,34.89170560747664
34820b973423fc13032f76cc9430ad47,sussex_spaniel,96.76558238636363,75.80824693965845,72.0,0.0,255.0,7.61523,47.92478693181818
3f974ba3e0c33d02274cc3889d146a74,clumber,104.74039039039039,61.51235562179268,92.0,0.0,255.0,7.707502,50.65081081081081
8cd5ae0663d2d5fbc39f291a99f3ecd2,english_springer,63.89420702754036,55.10221715060571,47.0,0.0,255.0,7.1811323,14.118233618233619
547e9cca520970b35c1d9acb0a0fb902,sussex_spaniel,122.96950943396226,53.15189472721248,141.0,7.0,253.0,7.3119664,47.39311320754717
e346c77b51b03999cbf7d89ae776e696,great_dane,105.10402083333334,72.42758872717565,101.0,0.0,255.0,7.8244057,40.572625
023e4e28415506e0deddcbd8f8bdab29,pug,124.00100266666666,49.91002324511573,132.0,25.0,219.0,7.2732124,2.24944
7132f29cda3823956bd8f246a16faba8,norwich_terrier,100.52115820895523,84.18234380822744,66.0,0.0,255.0,7.194099,48.45
d66104727a2a8cdfd3f3a0fb17bdedc9,golden_retriever,134.95031428571428,79.6935510200602,132.0,0.0,255.0,6.6582355,19.525714285714287
1fbebdbf9b6e681956b1c33b56a09a5a,schipperke,129.88567507002801,51.869637063875025,114.0,0.0,255.0,6.4447136,14.135714285714286
40ed132135fcf61e1ca97617ad290042,miniature_poodle,103.8049587628866,62.32584701661507,82.0,0.0,255.0,7.6702704,62.272577319587626
250002ac1d5de344d9d64c93a2eabf9b,weimaraner,114.55791620111732,60.21305699186703,113.0,0.0,255.0,7.824855,29.176843575418996
1f0b77edb530972669252af831ab9c16,borzoi,75.01800552486188,59.773042128570275,59.0,0.0,255.0,7.511572,72.65668508287293
4f7acd612879022f09fb7e63eec8bb50,malinois,126.78427627627627,71.84113829111222,113.0,0.0,255.0,7.491388,20.592972972972973
b402c34356b9488d0e162f9d29260fd4,miniature_schnauzer,102.64274666666667,47.37363837328192,103.0,0.0,255.0,7.568896,84.218
a429f16af4f529fe398b90b740761d73,miniature_poodle,111.78897323600974,38.229660502775,120.0,0.0,255.0,7.0725718,14.524452554744526
4c8fce7407df845d94483d89a4fe06f7,malinois,124.81081481481482,49.59836627713425,126.0,0.0,255.0,7.630807,39.79731481481482
5bfd9576067a577da2cc278db7aae2e7,bernese_mountain_dog,101.75786666666667,76.63511359324059,91.0,0.0,255.0,7.658344,29.85336
dabd93944d34d72b6719c3e99ae2694a,yorkshire_terrier,168.56058285714286,57.170545148481516,178.0,0.0,252.0,7.0485597,15.212571428571428
6606afcb1331c43b7fa96ae2519e6d19,malinois,60.89792168674699,40.28193018333496,63.0,0.0,239.0,6.980571,13.80840361445783
351a08cd2b2fca3a3f57cf4007857231,schipperke,99.8926862170088,66.97143477727909,97.0,0.0,255.0,7.787527,27.409882697947214
d3cb2264c98b79ae0d65c84f84c4f85d,komondor,86.09192696629214,52.3009126609011,92.0,0.0,255.0,7.5292454,54.02418539325843
b9e9ce2495d96099fc799022fc074d0b,affenpinscher,56.651537537537536,62.65831358726423,26.0,0.0,255.0,6.802091,13.812882882882883
c552deb03796d5f050d9d2cfd1323d73,brabancon_griffon,153.72638206388206,55.12934874980793,169.0,28.0,237.0,7.2905,2.1109978780433325
424c3990e83cdb18b5d0fe48a5cf7327,maltese_dog,124.5976996996997,45.74411619520471,118.0,0.0,255.0,7.491396,25.118648648648648
ab6555cb3eadd631940d914021d8bd76,bull_mastiff,103.17931877729258,67.10155623488119,94.0,0.0,255.0,7.7990127,50.10026200873362
f9a2d5a36d32c2c1285cf46fe05972cb,cocker_spaniel,126.90203186758893,72.01441277998056,122.0,0.0,242.0,7.16472,31.7852334486166
650894e4ebb42cb077041f5a058cee0e,walker_hound,125.01325,61.260445839362774,123.0,0.0,255.0,7.8015246,71.852625
fbee719275e23f753f3cd1d9f83db21f,miniature_pinscher,134.0052985074627,59.833749954497755,151.0,0.0,255.0,7.463908,59.03535447761194
4d6f99b3534a4064f83b2dbba4a297a2,soft-coated_wheaten_terrier,102.27570133333333,66.5086668996966,105.0,0.0,255.0,7.6878858,52.02952
3840bb3ba6180a8d42540061cd28ed18,chow,96.37716516516517,36.50052324129938,87.0,0.0,255.0,6.9939494,16.663063063063063
74ffb8a7f908911c5b39808feab0a582,schipperke,102.76171,74.57950293395565,82.0,0.0,242.0,6.910796,3.13395
a8040246b5632253425a04dbb3cce104,toy_terrier,113.5013725490196,73.40448404714901,110.0,0.0,255.0,7.9179273,45.73428571428571
c13ba8b85ba2f68af5b6104e18b22994,tibetan_terrier,142.32563733333333,64.80067178916542,141.0,0.0,255.0,7.777653,60.6424
d9195974648b224678fb0ef0b86007d7,blenheim_spaniel,93.94840106951871,43.21471124549667,83.0,0.0,255.0,7.2697825,13.825909090909091
20fb8ff7f74f4d94a4bc81b70de1daae,appenzeller,98.09014621380213,45.350368188407884,106.0,0.0,255.0,7.155979,40.57774364225977
c591c9885407dd541e72a86e3d95785b,american_staffordshire_terrier,98.66311445783133,50.2688484910228,115.0,0.0,255.0,7.220231,9.379698795180722
e866558cded733e2788c68b170752f59,kerry_blue_terrier,102.07146060606061,55.79828727728792,103.0,0.0,255.0,7.700969,66.22118181818182
bce16a980008e997450eb48c3cdc7581,whippet,92.924784,41.623190601955024,87.0,0.0,255.0,7.3242197,36.47656
cbbdb384a6fb8b9b96b598ca1d4675b4,keeshond,117.23756136117814,66.85759221274616,121.0,18.0,255.0,7.5562563,22.365629420084865
e655b500159688691e025a1177936df0,shih-tzu,136.32868911917097,82.00407351023013,135.0,0.0,255.0,7.7706385,15.070103626943006
1cbe771a950488b29515e712c8c91026,chow,103.42757541899441,41.47681435430815,107.0,0.0,226.0,7.3659754,40.725921787709495
